,station,apports,id_barrage,lachers,stock,cumul_mensuel_apports,cumul_annuel_apports,cumul_mensuel_lachers,cumul_annuel_lachers,moy_mois,cumul_annee_prec,moy_periode,stock_annee_prec,Cap_tot_act,Cote,Cap_tot_init,fonctionnel,Annee_prod,Bassin_versant,Date
34,hma,0.0,29,0.0,0.728727,0.0,0.0875709,0.0,0.0,0.402662,1.68227,2.61666,2.19623,12.854,102.4,12.1,1.0,2002,123.0,2022-01-04 00:00:00
70,hma,0.0,29,0.0,0.731732,0.0,0.0875709,0.0,0.0,0.402662,1.68138,2.60367,2.19623,12.854,102.4,12.1,1.0,2002,123.0,2022-01-03 00:00:00
106,hma,0.0,29,0.0,0.734738,0.0,0.0875709,0.0,0.0,0.402662,1.6805,2.59068,2.19623,12.854,102.4,12.1,1.0,2002,123.0,2022-01-02 00:00:00
142,hma,0.0,29,0.0,0.737744,0.0,0.0875709,0.0,0.0,0.402662,1.6805,2.57769,2.20212,12.854,102.4,12.1,1.0,2002,123.0,2022-01-01 00:00:00
178,hma,0.0,29,0.0,0.74075,0.0151676,0.0875709,0.0,0.0,1.76526,1.67956,2.5647,2.20212,12.854,102.4,12.1,1.0,2002,123.0,2021-12-31 00:00:00
214,hma,0.0,29,0.0,0.743756,0.0151676,0.0875709,0.0,0.0,1.76526,1.67868,2.50776,2.20212,12.854,102.4,12.1,1.0,2002,123.0,2021-12-30 00:00:00
250,hma,0.0,29,0.0,0.746762,0.0151676,0.0875709,0.0,0.0,1.76526,1.67868,2.45082,2.20802,12.854,102.4,12.1,1.0,2002,123.0,2021-12-29 00:00:00
286,hma,0.0,29,0.0,0.749767,0.0151676,0.0875709,0.0,0.0,1.76526,1.67791,2.39387,2.20802,12.854,102.4,12.1,1.0,2002,123.0,2021-12-28 00:00:00
322,hma,0.0,29,0.0,0.752773,0.0151676,0.0875709,0.0,0.0,1.76526,1.67725,2.33693,2.20802,12.854,102.4,12.1,1.0,2002,123.0,2021-12-27 00:00:00
358,hma,0.0,29,0.0,0.755779,0.0151676,0.0875709,0.0,0.0,1.76526,1.6766,2.27998,2.20802,12.854,102.4,12.1,1.0,2002,123.0,2021-12-26 00:00:00
394,hma,0.0,29,0.0,0.761791,0.0151676,0.0875709,0.0,0.0,1.76526,1.67584,2.22304,2.20802,12.854,102.4,12.1,1.0,2002,123.0,2021-12-25 00:00:00
430,hma,0.0,29,0.0,0.764796,0.0151676,0.0875709,0.0,0.0,1.76526,1.6749,2.1661,2.20802,12.854,102.4,12.1,1.0,2002,123.0,2021-12-24 00:00:00
466,hma,0.0,29,0.0,0.770808,0.0151676,0.0875709,0.0,0.0,1.76526,1.67395,2.10915,2.20802,12.854,102.4,12.1,1.0,2002,123.0,2021-12-23 00:00:00
502,hma,0.0,29,0.0,0.773814,0.0151676,0.0875709,0.0,0.0,1.76526,1.67339,2.05221,2.20802,12.854,102.4,12.1,1.0,2002,123.0,2021-12-22 00:00:00
538,hma,0.0,29,0.0,0.77682,0.0151676,0.0875709,0.0,0.0,1.76526,1.50793,1.99526,2.04299,12.854,102.4,12.1,1.0,2002,123.0,2021-12-21 00:00:00
574,hma,0.0,29,0.0,0.782831,0.0151676,0.0875709,0.0,0.0,1.76526,1.21114,1.93832,1.74636,12.854,102.4,12.1,1.0,2002,123.0,2021-12-20 00:00:00
610,hma,0.0,29,0.0,0.785837,0.0151676,0.0875709,0.0,0.0,1.76526,1.1721,1.88138,1.7074,12.854,102.4,12.1,1.0,2002,123.0,2021-12-19 00:00:00
646,hma,0.0,29,0.0,0.788843,0.0151676,0.0875709,0.0,0.0,1.76526,1.17154,1.82443,1.7074,12.854,102.4,12.1,1.0,2002,123.0,2021-12-18 00:00:00
682,hma,0.000492293,29,0.0,0.792186,0.0151676,0.0875709,0.0,0.0,1.76526,1.17082,1.76749,1.7074,12.854,102.4,12.1,1.0,2002,123.0,2021-12-17 00:00:00
718,hma,0.0,29,0.0,0.792186,0.0146753,0.0870787,0.0,0.0,1.76526,1.17018,1.71054,1.7074,12.854,102.4,12.1,1.0,2002,123.0,2021-12-16 00:00:00
754,hma,0.000460569,29,0.0,0.795529,0.0146753,0.0870787,0.0,0.0,1.76526,1.17018,1.6536,1.71296,12.854,102.4,12.1,1.0,2002,123.0,2021-12-15 00:00:00
790,hma,0.000448698,29,0.0,0.795529,0.0142147,0.0866181,0.0,0.0,1.76526,1.1695,1.59666,1.71296,12.854,102.4,12.1,1.0,2002,123.0,2021-12-14 00:00:00
826,hma,0.000448698,29,0.0,0.795529,0.013766,0.0861694,0.0,0.0,1.76526,1.1695,1.53971,1.71853,12.854,102.4,12.1,1.0,2002,123.0,2021-12-13 00:00:00
862,hma,0.000391721,29,0.0,0.795529,0.0133173,0.0857207,0.0,0.0,1.76526,1.1688,1.48277,1.71853,12.854,102.4,12.1,1.0,2002,123.0,2021-12-12 00:00:00
898,hma,0.000273018,29,0.0,0.795529,0.0129256,0.085329,0.0,0.0,1.76526,1.16857,1.42583,1.71853,12.854,102.4,12.1,1.0,2002,123.0,2021-12-11 00:00:00
934,hma,0.00996519,29,0.0,0.795529,0.0126526,0.0850559,0.0,0.0,1.76526,1.16798,1.36888,1.71853,12.854,102.4,12.1,1.0,2002,123.0,2021-12-10 00:00:00
970,hma,0.000320323,29,0.0,0.785837,0.00268742,0.0750908,0.0,0.0,1.76526,1.16726,1.31194,1.71853,12.854,102.4,12.1,1.0,2002,123.0,2021-12-09 00:00:00
1006,hma,0.000445155,29,0.0,0.785837,0.00236709,0.0747704,0.0,0.0,1.76526,1.16637,1.25499,1.71853,12.854,102.4,12.1,1.0,2002,123.0,2021-12-08 00:00:00
1042,hma,0.000282638,29,0.0,0.785837,0.00192194,0.0743253,0.0,0.0,1.76526,1.16637,1.19805,1.72409,12.854,102.4,12.1,1.0,2002,123.0,2021-12-07 00:00:00
1078,hma,8.47914e-05,29,0.0,0.785837,0.0016393,0.0740426,0.0,0.0,1.76526,1.16552,1.14111,1.72409,12.854,102.4,12.1,1.0,2002,123.0,2021-12-06 00:00:00
1114,hma,0.000409825,29,0.0,0.785837,0.00155451,0.0739578,0.0,0.0,1.76526,1.16482,1.08416,1.72409,12.854,102.4,12.1,1.0,2002,123.0,2021-12-05 00:00:00
1150,hma,0.000367429,29,0.0,0.785837,0.00114468,0.073548,0.0,0.0,1.76526,1.16417,1.02722,1.72409,12.854,102.4,12.1,1.0,2002,123.0,2021-12-04 00:00:00
1186,hma,0.000320323,29,0.0,0.785837,0.000777255,0.0731806,0.0,0.0,1.76526,1.16346,0.970274,1.72409,12.854,102.4,12.1,1.0,2002,123.0,2021-12-03 00:00:00
1222,hma,0.000456931,29,0.0,0.785837,0.000456931,0.0728603,0.0,0.0,1.76526,1.16276,0.91333,1.72409,12.854,102.4,12.1,1.0,2002,123.0,2021-12-02 00:00:00
1258,hma,0.0,29,0.0,0.785837,0.0,0.0724033,0.0,0.0,1.76526,1.16196,0.856386,1.72409,12.854,102.4,12.1,1.0,2002,123.0,2021-12-01 00:00:00
1294,hma,0.00038932,29,0.0,0.788843,0.00582415,0.0724033,0.0,0.0,0.258733,1.16128,0.799442,1.72409,12.854,102.4,12.1,1.0,2002,123.0,2021-11-30 00:00:00
1330,hma,0.00033977,29,0.0,0.788843,0.00543483,0.072014,0.0,0.0,0.258733,1.1605,0.790817,1.72409,12.854,102.4,12.1,1.0,2002,123.0,2021-11-29 00:00:00
1366,hma,0.0006819,29,0.0,0.788843,0.00509506,0.0716742,0.0,0.0,0.258733,1.15978,0.782193,1.72409,12.854,102.4,12.1,1.0,2002,123.0,2021-11-28 00:00:00
1402,hma,0.0,29,0.0,0.788843,0.00441316,0.0709923,0.0,0.0,0.258733,1.15892,0.773568,1.72409,12.854,102.4,12.1,1.0,2002,123.0,2021-11-27 00:00:00
1438,hma,0.0,29,0.0,0.792186,0.00441316,0.0709923,0.0,0.0,0.258733,1.15824,0.764944,1.72409,12.854,102.4,12.1,1.0,2002,123.0,2021-11-26 00:00:00
1474,hma,0.0,29,0.0,0.795529,0.00441316,0.0709923,0.0,0.0,0.258733,1.15759,0.75632,1.72409,12.854,102.4,12.1,1.0,2002,123.0,2021-11-25 00:00:00
1510,hma,0.0,29,0.0,0.798873,0.00441316,0.0709923,0.0,0.0,0.258733,1.13489,0.747695,1.70183,12.854,102.4,12.1,1.0,2002,123.0,2021-11-24 00:00:00
1546,hma,0.0,29,0.0,0.802216,0.00441316,0.0709923,0.0,0.0,0.258733,0.588611,0.739071,1.17321,12.854,102.4,12.1,1.0,2002,123.0,2021-11-23 00:00:00
1582,hma,0.0,29,0.0,0.805559,0.00441316,0.0709923,0.0,0.0,0.258733,0.0598478,0.730446,0.644564,12.854,102.4,12.1,1.0,2002,123.0,2021-11-22 00:00:00
1618,hma,0.0,29,0.0,0.808902,0.00441316,0.0709923,0.0,0.0,0.258733,0.0455257,0.721822,0.630293,12.854,102.4,12.1,1.0,2002,123.0,2021-11-21 00:00:00
1654,hma,0.000674923,29,0.0,0.812245,0.00441316,0.0709923,0.0,0.0,0.258733,0.0343559,0.713197,0.619282,12.854,102.4,12.1,1.0,2002,123.0,2021-11-20 00:00:00
1690,hma,0.0,29,0.0,0.812245,0.00373823,0.0703174,0.0,0.0,0.258733,0.0285441,0.704573,0.613776,12.854,102.4,12.1,1.0,2002,123.0,2021-11-19 00:00:00
1726,hma,0.0,29,0.0,0.815588,0.00373823,0.0703174,0.0,0.0,0.258733,0.0172656,0.695948,0.602764,12.854,102.4,12.1,1.0,2002,123.0,2021-11-18 00:00:00
1762,hma,0.0,29,0.0,0.818932,0.00373823,0.0703174,0.0,0.0,0.258733,0.0167605,0.687324,0.602764,12.854,102.4,12.1,1.0,2002,123.0,2021-11-17 00:00:00
1798,hma,0.0,29,0.0,0.822275,0.00373823,0.0703174,0.0,0.0,0.258733,0.0160534,0.678699,0.602764,12.854,102.4,12.1,1.0,2002,123.0,2021-11-16 00:00:00
1834,hma,0.0,29,0.0,0.825618,0.00373823,0.0703174,0.0,0.0,0.258733,0.0160534,0.670075,0.605517,12.854,102.4,12.1,1.0,2002,123.0,2021-11-15 00:00:00
1870,hma,0.0,29,0.0,0.828961,0.00373823,0.0703174,0.0,0.0,0.258733,0.0160534,0.661451,0.635799,12.854,102.4,12.1,1.0,2002,123.0,2021-11-14 00:00:00
1906,hma,0.0,29,0.0,0.832304,0.00373823,0.0703174,0.0,0.0,0.258733,0.0160534,0.652826,0.638552,12.854,102.4,12.1,1.0,2002,123.0,2021-11-13 00:00:00
1942,hma,0.0,29,0.0,0.835648,0.00373823,0.0703174,0.0,0.0,0.258733,0.0160534,0.644202,0.641558,12.854,102.4,12.1,1.0,2002,123.0,2021-11-12 00:00:00
1978,hma,0.0,29,0.0,0.838991,0.00373823,0.0703174,0.0,0.0,0.258733,0.0160534,0.635577,0.644564,12.854,102.4,12.1,1.0,2002,123.0,2021-11-11 00:00:00
2014,hma,0.0,29,0.0,0.842334,0.00373823,0.0703174,0.0,0.0,0.258733,0.0160534,0.626953,0.647569,12.854,102.4,12.1,1.0,2002,123.0,2021-11-10 00:00:00
2050,hma,0.000658044,29,0.0,0.845677,0.00373823,0.0703174,0.0,0.0,0.258733,0.0160534,0.618328,0.650575,12.854,102.4,12.1,1.0,2002,123.0,2021-11-09 00:00:00
2086,hma,0.0,29,0.0,0.845677,0.00308019,0.0696594,0.0,0.0,0.258733,0.0160534,0.609704,0.653581,12.854,102.4,12.1,1.0,2002,123.0,2021-11-08 00:00:00
2122,hma,0.000719743,29,0.0,0.84902,0.00308019,0.0696594,0.0,0.0,0.258733,0.0160534,0.601079,0.656587,12.854,102.4,12.1,1.0,2002,123.0,2021-11-07 00:00:00
2158,hma,0.0,29,0.0,0.84902,0.00236045,0.0689396,0.0,0.0,0.258733,0.0160534,0.592455,0.659593,12.854,102.4,12.1,1.0,2002,123.0,2021-11-06 00:00:00
2194,hma,0.000609447,29,0.0,0.852363,0.00236045,0.0689396,0.0,0.0,0.258733,0.0160534,0.583831,0.662599,12.854,102.4,12.1,1.0,2002,123.0,2021-11-05 00:00:00
2230,hma,0.0,29,0.0,0.852363,0.001751,0.0683302,0.0,0.0,0.258733,0.0160534,0.575206,0.665604,12.854,102.4,12.1,1.0,2002,123.0,2021-11-04 00:00:00
2266,hma,0.000673847,29,0.0,0.855707,0.001751,0.0683302,0.0,0.0,0.258733,0.0160534,0.566582,0.66861,12.854,102.4,12.1,1.0,2002,123.0,2021-11-03 00:00:00
2302,hma,0.000591182,29,0.0,0.855707,0.00107715,0.0676563,0.0,0.0,0.258733,0.0160534,0.557957,0.671616,12.854,102.4,12.1,1.0,2002,123.0,2021-11-02 00:00:00
2338,hma,0.000485972,29,0.0,0.855707,0.000485972,0.0670652,0.0,0.0,0.258733,0.0160534,0.549333,0.674622,12.854,102.4,12.1,1.0,2002,123.0,2021-11-01 00:00:00
2374,hma,0.000551102,29,0.0,0.855707,0.0635038,0.0665792,0.0,0.0,0.365702,0.0160534,0.540708,0.677628,12.854,102.4,12.1,1.0,2002,123.0,2021-10-31 00:00:00
2410,hma,0.0,29,0.0,0.855707,0.0629527,0.0660281,0.0,0.0,0.365702,0.0160534,0.528912,0.680633,12.854,102.4,12.1,1.0,2002,123.0,2021-10-30 00:00:00
2446,hma,0.000522555,29,0.0,0.85905,0.0629527,0.0660281,0.0,0.0,0.365702,0.0160534,0.517115,0.686645,12.854,102.4,12.1,1.0,2002,123.0,2021-10-29 00:00:00
2482,hma,0.000437137,29,0.0,0.85905,0.0624301,0.0655055,0.0,0.0,0.365702,0.0160534,0.505318,0.689651,12.854,102.4,12.1,1.0,2002,123.0,2021-10-28 00:00:00
2518,hma,0.0137973,29,0.0,0.85905,0.061993,0.0650684,0.0,0.0,0.365702,0.0160534,0.493521,0.692657,12.854,102.4,12.1,1.0,2002,123.0,2021-10-27 00:00:00
2554,hma,0.0137601,29,0.0,0.845677,0.0481957,0.0512711,0.0,0.0,0.365702,0.0160534,0.481724,0.698668,12.854,102.4,12.1,1.0,2002,123.0,2021-10-26 00:00:00
2590,hma,0.0170496,29,0.0,0.832304,0.0344356,0.037511,0.0,0.0,0.365702,0.0160534,0.469927,0.70468,12.854,102.4,12.1,1.0,2002,123.0,2021-10-25 00:00:00
2626,hma,0.0036333,29,0.0,0.815588,0.017386,0.0204614,0.0,0.0,0.365702,0.0160534,0.458131,0.710692,12.854,102.4,12.1,1.0,2002,123.0,2021-10-24 00:00:00
2662,hma,0.000192835,29,0.0,0.812245,0.0137526,0.0168281,0.0,0.0,0.365702,0.0160534,0.446334,0.716703,12.854,102.4,12.1,1.0,2002,123.0,2021-10-23 00:00:00
2698,hma,0.0,29,0.0,0.812245,0.0135598,0.0166352,0.0,0.0,0.365702,0.0160534,0.434537,0.722715,12.854,102.4,12.1,1.0,2002,123.0,2021-10-22 00:00:00
2734,hma,0.000831693,29,0.0,0.815588,0.0135598,0.0166352,0.0,0.0,0.365702,0.0160534,0.42274,0.728727,12.854,102.4,12.1,1.0,2002,123.0,2021-10-21 00:00:00
2770,hma,0.0,29,0.0,0.815588,0.0127281,0.0158035,0.0,0.0,0.365702,0.0160534,0.410943,0.734738,12.854,102.4,12.1,1.0,2002,123.0,2021-10-20 00:00:00
2806,hma,0.000746896,29,0.0,0.818932,0.0127281,0.0158035,0.0,0.0,0.365702,0.0160534,0.399146,0.74075,12.854,102.4,12.1,1.0,2002,123.0,2021-10-19 00:00:00
2842,hma,0.0,29,0.0,0.818932,0.0119812,0.0150566,0.0,0.0,0.365702,0.0160534,0.38735,0.743756,12.854,102.4,12.1,1.0,2002,123.0,2021-10-18 00:00:00
2878,hma,0.000836698,29,0.0,0.822275,0.0119812,0.0150566,0.0,0.0,0.365702,0.0160534,0.375553,0.746762,12.854,102.4,12.1,1.0,2002,123.0,2021-10-17 00:00:00
2914,hma,0.0,29,0.0,0.822275,0.0111445,0.0142199,0.0,0.0,0.365702,0.0160534,0.363756,0.749767,12.854,102.4,12.1,1.0,2002,123.0,2021-10-16 00:00:00
2950,hma,0.000819684,29,0.0,0.825618,0.0111445,0.0142199,0.0,0.0,0.365702,0.0160534,0.351959,0.752773,12.854,102.4,12.1,1.0,2002,123.0,2021-10-15 00:00:00
2986,hma,0.0,29,0.0,0.825618,0.0103248,0.0134003,0.0,0.0,0.365702,0.0160534,0.340162,0.755779,12.854,102.4,12.1,1.0,2002,123.0,2021-10-14 00:00:00
3022,hma,0.000795214,29,0.0,0.828961,0.0103248,0.0134003,0.0,0.0,0.365702,0.0160534,0.328365,0.758785,12.854,102.4,12.1,1.0,2002,123.0,2021-10-13 00:00:00
3058,hma,0.00102766,29,0.0,0.828961,0.00952963,0.012605,0.0,0.0,0.365702,0.0160534,0.316569,0.761791,12.854,102.4,12.1,1.0,2002,123.0,2021-10-12 00:00:00
3094,hma,0.0,29,0.0,0.828961,0.00850196,0.0115774,0.0,0.0,0.365702,0.0160534,0.304772,0.764796,12.854,102.4,12.1,1.0,2002,123.0,2021-10-11 00:00:00
3130,hma,0.0,29,0.0,0.832304,0.00850196,0.0115774,0.0,0.0,0.365702,0.0148439,0.292975,0.764796,12.854,102.4,12.1,1.0,2002,123.0,2021-10-10 00:00:00
3166,hma,0.00115438,29,0.0,0.835648,0.00728246,0.0103579,0.0,0.0,0.365702,0.0148439,0.281178,0.770808,12.854,102.4,12.1,1.0,2002,123.0,2021-10-09 00:00:00
3202,hma,0.00331892,29,0.0,0.835648,0.00612808,0.0092035,0.0,0.0,0.365702,0.0148439,0.269381,0.77682,12.854,102.4,12.1,1.0,2002,123.0,2021-10-08 00:00:00
3238,hma,0.0,29,0.0,0.835648,0.00402867,0.00710409,0.0,0.0,0.365702,0.0148439,0.257584,0.782831,12.854,102.4,12.1,1.0,2002,123.0,2021-10-07 00:00:00
3274,hma,0.00121951,29,0.0,0.838991,0.00402867,0.00710409,0.0,0.0,0.365702,0.0148439,0.245788,0.788843,12.854,102.4,12.1,1.0,2002,123.0,2021-10-06 00:00:00
3310,hma,0.0,29,0.0,0.838991,0.00280916,0.00588458,0.0,0.0,0.365702,0.0148439,0.233991,0.795529,12.854,102.4,12.1,1.0,2002,123.0,2021-10-05 00:00:00
3346,hma,0.00145831,29,0.0,0.842334,0.00280916,0.00588458,0.0,0.0,0.365702,0.0148439,0.222194,0.802216,12.854,102.4,12.1,1.0,2002,123.0,2021-10-04 00:00:00
3382,hma,0.0,29,0.0,0.842334,0.00135085,0.00442627,0.0,0.0,0.365702,0.0148439,0.210397,0.808902,12.854,102.4,12.1,1.0,2002,123.0,2021-10-03 00:00:00
3418,hma,0.00135085,29,0.0,0.845677,0.00135085,0.00442627,0.0,0.0,0.365702,0.0148439,0.1986,0.815588,12.854,102.4,12.1,1.0,2002,123.0,2021-10-02 00:00:00
3454,hma,0.0,29,0.0,0.845677,0.0,0.00307542,0.0,0.0,0.365702,0.0148439,0.186803,0.822275,12.854,102.4,12.1,1.0,2002,123.0,2021-10-01 00:00:00
3490,hma,0.00146688,29,0.0,0.84902,0.00307542,0.00307542,0.0,0.0,0.175007,0.0148439,0.175007,0.828961,12.854,102.4,12.1,1.0,2002,123.0,2021-09-30 00:00:00
3526,hma,0.0,29,0.0,0.84902,0.00160854,0.00160854,0.0,0.0,0.175007,0.0148439,0.169173,0.835648,12.854,102.4,12.1,1.0,2002,123.0,2021-09-29 00:00:00
3562,hma,0.00160854,29,0.0,0.852363,0.00160854,0.00160854,0.0,0.0,0.175007,0.0148439,0.163339,0.842334,12.854,102.4,12.1,1.0,2002,123.0,2021-09-28 00:00:00
3598,hma,0.0,29,0.0,0.852363,0.0,0.0,0.0,0.0,0.175007,0.0148439,0.157506,0.84902,12.854,102.4,12.1,1.0,2002,123.0,2021-09-27 00:00:00
3634,hma,0.0,29,0.0,0.855707,0.0,0.0,0.0,0.0,0.175007,0.0148439,0.151672,0.855707,12.854,102.4,12.1,1.0,2002,123.0,2021-09-26 00:00:00
3670,hma,0.0,29,0.0,0.85905,0.0,0.0,0.0,0.0,0.175007,0.0148439,0.145839,0.862393,12.854,102.4,12.1,1.0,2002,123.0,2021-09-25 00:00:00
3706,hma,0.0,29,0.0,0.862393,0.0,0.0,0.0,0.0,0.175007,0.0148439,0.140005,0.869079,12.854,102.4,12.1,1.0,2002,123.0,2021-09-24 00:00:00
3742,hma,0.0,29,0.0,0.865736,0.0,0.0,0.0,0.0,0.175007,0.0148439,0.134172,0.875766,12.854,102.4,12.1,1.0,2002,123.0,2021-09-23 00:00:00
3778,hma,0.0,29,0.0,0.869079,0.0,0.0,0.0,0.0,0.175007,0.0148439,0.128338,0.882452,12.854,102.4,12.1,1.0,2002,123.0,2021-09-22 00:00:00
3814,hma,0.0,29,0.0,0.872423,0.0,0.0,0.0,0.0,0.175007,0.0133726,0.122505,0.882452,12.854,102.4,12.1,1.0,2002,123.0,2021-09-21 00:00:00
3850,hma,0.0,29,0.0,0.875766,0.0,0.0,0.0,0.0,0.175007,0.0119885,0.116671,0.882452,12.854,102.4,12.1,1.0,2002,123.0,2021-09-20 00:00:00
3886,hma,0.0,29,0.0,0.879109,0.0,0.0,0.0,0.0,0.175007,0.0119885,0.110837,0.889138,12.854,102.4,12.1,1.0,2002,123.0,2021-09-19 00:00:00
3922,hma,0.0,29,0.0,0.882452,0.0,0.0,0.0,0.0,0.175007,0.0119885,0.105004,0.895825,12.854,102.4,12.1,1.0,2002,123.0,2021-09-18 00:00:00
3958,hma,0.0,29,0.0,0.885795,0.0,0.0,0.0,0.0,0.175007,0.0119885,0.0991704,0.902511,12.854,102.4,12.1,1.0,2002,123.0,2021-09-17 00:00:00
3994,hma,0.0,29,0.0,0.889138,0.0,0.0,0.0,0.0,0.175007,0.0119885,0.0933368,0.909197,12.854,102.4,12.1,1.0,2002,123.0,2021-09-16 00:00:00
4030,hma,0.0,29,0.0,0.892482,0.0,0.0,0.0,0.0,0.175007,0.0119885,0.0875033,0.912541,12.854,102.4,12.1,1.0,2002,123.0,2021-09-15 00:00:00
4066,hma,0.0,29,0.0,0.895825,0.0,0.0,0.0,0.0,0.175007,0.0100959,0.0816697,0.912541,12.854,102.4,12.1,1.0,2002,123.0,2021-09-14 00:00:00
4102,hma,0.0,29,0.0,0.899168,0.0,0.0,0.0,0.0,0.175007,0.00846609,0.0758362,0.912541,12.854,102.4,12.1,1.0,2002,123.0,2021-09-13 00:00:00
4138,hma,0.0318571,29,0.0,0.935943,0.0318571,0.0318571,0.0,0.0,0.175007,0.00846609,0.0700026,0.919227,12.854,102.4,12.1,1.0,2002,123.0,2021-09-12 00:00:00
4174,hma,0.0,29,0.0,0.905854,0.0,0.0,0.0,0.0,0.175007,0.00646781,0.0641691,0.919227,12.854,102.4,12.1,1.0,2002,123.0,2021-09-11 00:00:00
4210,hma,0.0,29,0.0,0.909197,0.0,0.0,0.0,0.0,0.175007,0.00442196,0.0583355,0.919227,12.854,102.4,12.1,1.0,2002,123.0,2021-09-10 00:00:00
4246,hma,0.0,29,0.0,0.912541,0.0,0.0,0.0,0.0,0.175007,0.00239989,0.052502,0.919227,12.854,102.4,12.1,1.0,2002,123.0,2021-09-09 00:00:00
4282,hma,0.0,29,0.0,0.915884,0.0,0.0,0.0,0.0,0.175007,0.00239989,0.0466684,0.925913,12.854,102.4,12.1,1.0,2002,123.0,2021-09-08 00:00:00
4318,hma,0.0,29,0.0,0.919227,0.0,0.0,0.0,0.0,0.175007,0.00239989,0.0408349,0.9326,12.854,102.4,12.1,1.0,2002,123.0,2021-09-07 00:00:00
4354,hma,0.0,29,0.0,0.92257,0.0,0.0,0.0,0.0,0.175007,0.00239989,0.0350013,0.939286,12.854,102.4,12.1,1.0,2002,123.0,2021-09-06 00:00:00
4390,hma,0.0,29,0.0,0.925913,0.0,0.0,0.0,0.0,0.175007,0.00239989,0.0291678,0.945972,12.854,102.4,12.1,1.0,2002,123.0,2021-09-05 00:00:00
4426,hma,0.0,29,0.0,0.929256,0.0,0.0,0.0,0.0,0.175007,0.00239989,0.0233342,0.952659,12.854,102.4,12.1,1.0,2002,123.0,2021-09-04 00:00:00
4462,hma,0.0,29,0.0,0.9326,0.0,0.0,0.0,0.0,0.175007,0.00239989,0.0175007,0.959893,12.854,102.4,12.1,1.0,2002,123.0,2021-09-03 00:00:00
4498,hma,0.0,29,0.0,0.935943,0.0,0.0,0.0,0.0,0.175007,0.00239989,0.0116671,0.967675,12.854,102.4,12.1,1.0,2002,123.0,2021-09-02 00:00:00
4534,hma,0.0,29,0.0,0.939286,0.0,0.0,0.0,0.0,0.175007,0.00239989,0.00583355,0.975456,12.854,102.4,12.1,1.0,2002,123.0,2021-09-01 00:00:00
4570,hma,0.0,29,0.0,0.942629,0.0,1.86717,0.0,0.017334,0.00332003,0.579129,4.49921,0.975456,12.854,102.4,12.1,1.0,2002,123.0,2021-08-31 00:00:00
4606,hma,0.0,29,0.0,0.949316,0.0,1.86717,0.0,0.017334,0.00332003,0.579129,4.4991,0.99102,12.854,102.4,12.1,1.0,2002,123.0,2021-08-30 00:00:00
4642,hma,0.0,29,0.0,0.952659,0.0,1.86717,0.0,0.017334,0.00332003,0.579129,4.499,0.998802,12.854,102.4,12.1,1.0,2002,123.0,2021-08-29 00:00:00
4678,hma,0.0,29,0.0,0.956002,0.0,1.86717,0.0,0.017334,0.00332003,0.579129,4.49889,1.00658,12.854,102.4,12.1,1.0,2002,123.0,2021-08-28 00:00:00
4714,hma,0.0,29,0.0,0.959893,0.0,1.86717,0.0,0.017334,0.00332003,0.579129,4.49878,1.01437,12.854,102.4,12.1,1.0,2002,123.0,2021-08-27 00:00:00
4750,hma,0.0,29,0.0,0.967675,0.0,1.86717,0.0,0.017334,0.00332003,0.579129,4.49867,1.02215,12.854,102.4,12.1,1.0,2002,123.0,2021-08-26 00:00:00
4786,hma,0.0,29,0.0,0.975456,0.0,1.86717,0.0,0.017334,0.00332003,0.579129,4.49857,1.02993,12.854,102.4,12.1,1.0,2002,123.0,2021-08-25 00:00:00
4822,hma,0.0,29,0.0,0.983238,0.0,1.86717,0.0,0.017334,0.00332003,0.579129,4.49846,1.03771,12.854,102.4,12.1,1.0,2002,123.0,2021-08-24 00:00:00
4858,hma,0.0,29,0.0,0.99102,0.0,1.86717,0.0,0.017334,0.00332003,0.579129,4.49835,1.04549,12.854,102.4,12.1,1.0,2002,123.0,2021-08-23 00:00:00
4894,hma,0.0,29,0.0,0.998802,0.0,1.86717,0.0,0.017334,0.00332003,0.579129,4.49825,1.05327,12.854,102.4,12.1,1.0,2002,123.0,2021-08-22 00:00:00
4930,hma,0.0,29,0.0,1.00658,0.0,1.86717,0.0,0.017334,0.00332003,0.579129,4.49814,1.06884,12.854,102.4,12.1,1.0,2002,123.0,2021-08-21 00:00:00
4966,hma,0.0,29,0.0,1.01437,0.0,1.86717,0.0,0.017334,0.00332003,0.579129,4.49803,1.07662,12.854,102.4,12.1,1.0,2002,123.0,2021-08-20 00:00:00
5002,hma,0.0,29,0.0,1.02215,0.0,1.86717,0.0,0.017334,0.00332003,0.579129,4.49792,1.0844,12.854,102.4,12.1,1.0,2002,123.0,2021-08-19 00:00:00
5038,hma,0.0,29,0.0,1.02993,0.0,1.86717,0.0,0.017334,0.00332003,0.579129,4.49782,1.09218,12.854,102.4,12.1,1.0,2002,123.0,2021-08-18 00:00:00
5074,hma,0.0,29,0.0,1.03771,0.0,1.86717,0.0,0.017334,0.00332003,0.579129,4.49771,1.09997,12.854,102.4,12.1,1.0,2002,123.0,2021-08-17 00:00:00
5110,hma,0.0,29,0.0,1.04549,0.0,1.86717,0.0,0.017334,0.00332003,0.579129,4.4976,1.10775,12.854,102.4,12.1,1.0,2002,123.0,2021-08-16 00:00:00
5146,hma,0.0,29,0.0,1.05327,0.0,1.86717,0.0,0.017334,0.00332003,0.579129,4.4975,1.11553,12.854,102.4,12.1,1.0,2002,123.0,2021-08-15 00:00:00
5182,hma,0.0,29,0.0,1.06106,0.0,1.86717,0.0,0.017334,0.00332003,0.579129,4.49739,1.12331,12.854,102.4,12.1,1.0,2002,123.0,2021-08-14 00:00:00
5218,hma,0.0,29,0.0,1.06884,0.0,1.86717,0.0,0.017334,0.00332003,0.579129,4.49728,1.13109,12.854,102.4,12.1,1.0,2002,123.0,2021-08-13 00:00:00
5254,hma,0.0,29,0.0,1.07662,0.0,1.86717,0.0,0.017334,0.00332003,0.579129,4.49717,1.13887,12.854,102.4,12.1,1.0,2002,123.0,2021-08-12 00:00:00
5290,hma,0.0,29,0.0,1.0844,0.0,1.86717,0.0,0.017334,0.00332003,0.579129,4.49707,1.14666,12.854,102.4,12.1,1.0,2002,123.0,2021-08-11 00:00:00
5326,hma,0.0,29,0.0,1.09218,0.0,1.86717,0.0,0.017334,0.00332003,0.579129,4.49696,1.15508,12.854,102.4,12.1,1.0,2002,123.0,2021-08-10 00:00:00
5362,hma,0.0,29,0.0,1.09997,0.0,1.86717,0.0,0.017334,0.00332003,0.579129,4.49685,1.16415,12.854,102.4,12.1,1.0,2002,123.0,2021-08-09 00:00:00
5398,hma,0.0,29,0.0,1.10775,0.0,1.86717,0.0,0.017334,0.00332003,0.579129,4.49675,1.17321,12.854,102.4,12.1,1.0,2002,123.0,2021-08-08 00:00:00
5434,hma,0.0,29,0.0,1.11942,0.0,1.86717,0.0,0.017334,0.00332003,0.579129,4.49664,1.18228,12.854,102.4,12.1,1.0,2002,123.0,2021-08-07 00:00:00
5470,hma,0.0,29,0.0,1.12331,0.0,1.86717,0.0,0.017334,0.00332003,0.579129,4.49653,1.19135,12.854,102.4,12.1,1.0,2002,123.0,2021-08-06 00:00:00
5506,hma,0.0,29,0.0,1.13109,0.0,1.86717,0.0,0.017334,0.00332003,0.579129,4.49642,1.20041,12.854,102.4,12.1,1.0,2002,123.0,2021-08-05 00:00:00
5542,hma,0.0,29,0.0,1.13887,0.0,1.86717,0.0,0.017334,0.00332003,0.579129,4.49632,1.20948,12.854,102.4,12.1,1.0,2002,123.0,2021-08-04 00:00:00
5578,hma,0.0,29,0.0,1.14666,0.0,1.86717,0.0,0.017334,0.00332003,0.579129,4.49621,1.21854,12.854,102.4,12.1,1.0,2002,123.0,2021-08-03 00:00:00
5614,hma,0.0,29,0.0,1.15508,0.0,1.86717,0.0,0.017334,0.00332003,0.579129,4.4961,1.22761,12.854,102.4,12.1,1.0,2002,123.0,2021-08-02 00:00:00
5650,hma,0.0,29,0.0,1.16415,0.0,1.86717,0.0,0.017334,0.00332003,0.579129,4.496,1.23668,12.854,102.4,12.1,1.0,2002,123.0,2021-08-01 00:00:00
5686,hma,0.0,29,0.0,1.17321,0.0,1.86717,0.0,0.017334,0.0298867,0.579129,4.49589,1.24574,12.854,102.4,12.1,1.0,2002,123.0,2021-07-31 00:00:00
5722,hma,0.0,29,0.0,1.18228,0.0,1.86717,0.0,0.017334,0.0298867,0.579129,4.49493,1.25481,12.854,102.4,12.1,1.0,2002,123.0,2021-07-30 00:00:00
5758,hma,0.0,29,0.0,1.19135,0.0,1.86717,0.0,0.017334,0.0298867,0.579129,4.49396,1.26387,12.854,102.4,12.1,1.0,2002,123.0,2021-07-29 00:00:00
5794,hma,0.0,29,0.0,1.20041,0.0,1.86717,0.0,0.017334,0.0298867,0.579129,4.493,1.27294,12.854,102.4,12.1,1.0,2002,123.0,2021-07-28 00:00:00
5830,hma,0.0,29,0.0,1.20948,0.0,1.86717,0.0,0.017334,0.0298867,0.579129,4.49203,1.28201,12.854,102.4,12.1,1.0,2002,123.0,2021-07-27 00:00:00
5866,hma,0.0,29,0.0,1.21854,0.0,1.86717,0.0,0.017334,0.0298867,0.579129,4.49107,1.29107,12.854,102.4,12.1,1.0,2002,123.0,2021-07-26 00:00:00
5902,hma,0.0,29,0.0,1.22761,0.0,1.86717,0.0,0.017334,0.0298867,0.579129,4.4901,1.30014,12.854,102.4,12.1,1.0,2002,123.0,2021-07-25 00:00:00
5938,hma,0.0,29,0.0,1.23668,0.0,1.86717,0.0,0.017334,0.0298867,0.579129,4.48914,1.30921,12.854,102.4,12.1,1.0,2002,123.0,2021-07-24 00:00:00
5974,hma,0.0,29,0.0,1.24574,0.0,1.86717,0.0,0.017334,0.0298867,0.579129,4.48818,1.31827,12.854,102.4,12.1,1.0,2002,123.0,2021-07-23 00:00:00
6010,hma,0.0,29,0.0,1.25481,0.0,1.86717,0.0,0.017334,0.0298867,0.579129,4.48721,1.32734,12.854,102.4,12.1,1.0,2002,123.0,2021-07-22 00:00:00
6046,hma,0.0,29,0.0,1.26387,0.0,1.86717,0.0,0.017334,0.0298867,0.579129,4.48625,1.3364,12.854,102.4,12.1,1.0,2002,123.0,2021-07-21 00:00:00
6082,hma,0.0,29,0.0,1.27294,0.0,1.86717,0.0,0.017334,0.0298867,0.579129,4.48528,1.34547,12.854,102.4,12.1,1.0,2002,123.0,2021-07-20 00:00:00
6118,hma,0.0,29,0.0,1.28201,0.0,1.86717,0.0,0.017334,0.0298867,0.579129,4.48432,1.35454,12.854,102.4,12.1,1.0,2002,123.0,2021-07-19 00:00:00
6154,hma,0.0,29,0.0,1.29107,0.0,1.86717,0.0,0.017334,0.0298867,0.579129,4.48336,1.3636,12.854,102.4,12.1,1.0,2002,123.0,2021-07-18 00:00:00
6190,hma,0.0,29,0.0,1.30014,0.0,1.86717,0.0,0.017334,0.0298867,0.579129,4.48239,1.37267,12.854,102.4,12.1,1.0,2002,123.0,2021-07-17 00:00:00
6226,hma,0.0,29,0.0,1.30921,0.0,1.86717,0.0,0.017334,0.0298867,0.579129,4.48143,1.38236,12.854,102.4,12.1,1.0,2002,123.0,2021-07-16 00:00:00
6262,hma,0.0,29,0.0,1.31827,0.0,1.86717,0.0,0.017334,0.0298867,0.579129,4.48046,1.39267,12.854,102.4,12.1,1.0,2002,123.0,2021-07-15 00:00:00
6265,hma,0.0,29,0.0,1.32734,0.0,1.86717,0.0,0.017334,0.0298867,0.579129,4.4795,1.40299,12.854,102.4,12.1,1.0,2002,123.0,2021-07-14 00:00:00
6334,hma,0.0,29,0.0,1.3364,0.0,1.86717,0.0,0.017334,0.0298867,0.579129,4.47854,1.4133,12.854,102.4,12.1,1.0,2002,123.0,2021-07-13 00:00:00
6370,hma,0.0,29,0.0,1.34547,0.0,1.86717,0.0,0.017334,0.0298867,0.579129,4.47757,1.42361,12.854,102.4,12.1,1.0,2002,123.0,2021-07-12 00:00:00
6406,hma,0.0,29,0.0,1.35454,0.0,1.86717,0.0,0.017334,0.0298867,0.579129,4.47661,1.43393,12.854,102.4,12.1,1.0,2002,123.0,2021-07-11 00:00:00
6442,hma,0.0,29,0.0,1.3636,0.0,1.86717,0.0,0.017334,0.0298867,0.579129,4.47564,1.44424,12.854,102.4,12.1,1.0,2002,123.0,2021-07-10 00:00:00
6478,hma,0.0,29,0.0,1.37267,0.0,1.86717,0.0,0.017334,0.0298867,0.579129,4.47468,1.45456,12.854,102.4,12.1,1.0,2002,123.0,2021-07-09 00:00:00
6514,hma,0.0,29,0.0,1.38236,0.0,1.86717,0.0,0.017334,0.0298867,0.579129,4.47372,1.46487,12.854,102.4,12.1,1.0,2002,123.0,2021-07-08 00:00:00
6550,hma,0.0,29,0.0,1.39267,0.0,1.86717,0.0,0.017334,0.0298867,0.579129,4.47275,1.47518,12.854,102.4,12.1,1.0,2002,123.0,2021-07-07 00:00:00
6586,hma,0.0,29,0.0,1.40299,0.0,1.86717,0.0,0.017334,0.0298867,0.579129,4.47179,1.4855,12.854,102.4,12.1,1.0,2002,123.0,2021-07-06 00:00:00
6622,hma,0.0,29,0.0,1.4133,0.0,1.86717,0.0,0.017334,0.0298867,0.579129,4.47082,1.49581,12.854,102.4,12.1,1.0,2002,123.0,2021-07-05 00:00:00
6658,hma,0.0,29,0.0,1.42361,0.0,1.86717,0.0,0.017334,0.0298867,0.579129,4.46986,1.51644,12.854,102.4,12.1,1.0,2002,123.0,2021-07-04 00:00:00
6694,hma,0.0,29,0.0,1.43393,0.0,1.86717,0.0,0.017334,0.0298867,0.579129,4.46889,1.52675,12.854,102.4,12.1,1.0,2002,123.0,2021-07-03 00:00:00
6730,hma,0.0,29,0.0,1.44424,0.0,1.86717,0.0,0.017334,0.0298867,0.579129,4.46793,1.53707,12.854,102.4,12.1,1.0,2002,123.0,2021-07-02 00:00:00
6766,hma,0.0,29,0.0,1.45456,0.0,1.86717,0.0,0.017334,0.0298867,0.579129,4.46697,1.54738,12.854,102.4,12.1,1.0,2002,123.0,2021-07-01 00:00:00
6802,hma,0.0,29,0.0,1.46487,0.010386,1.86717,0.0,0.017334,0.0578286,0.579129,4.466,1.55769,12.854,102.4,12.1,1.0,2002,123.0,2021-06-30 00:00:00
6838,hma,0.0,29,0.0,1.47518,0.010386,1.86717,0.0,0.017334,0.0578286,0.579129,4.46408,1.56801,12.854,102.4,12.1,1.0,2002,123.0,2021-06-29 00:00:00
6874,hma,0.0,29,0.0,1.4855,0.010386,1.86717,0.0,0.017334,0.0578286,0.579129,4.46215,1.57832,12.854,102.4,12.1,1.0,2002,123.0,2021-06-28 00:00:00
6910,hma,0.0,29,0.0,1.49581,0.010386,1.86717,0.0,0.017334,0.0578286,0.579129,4.46022,1.59895,12.854,102.4,12.1,1.0,2002,123.0,2021-06-27 00:00:00
6946,hma,0.0,29,0.0,1.50612,0.010386,1.86717,0.0,0.017334,0.0578286,0.575974,4.45829,1.59895,12.854,102.4,12.1,1.0,2002,123.0,2021-06-26 00:00:00
6982,hma,0.0,29,0.0,1.51128,0.00255597,1.85934,0.0,0.017334,0.0578286,0.575974,4.45444,1.61958,12.854,102.4,12.1,1.0,2002,123.0,2021-06-24 00:00:00
7018,hma,0.0,29,0.0,1.53707,0.00255597,1.85934,0.0,0.017334,0.0578286,0.575974,4.45251,1.62989,12.854,102.4,12.1,1.0,2002,123.0,2021-06-23 00:00:00
7054,hma,0.0,29,0.0,1.54738,0.00255597,1.85934,0.0,0.017334,0.0578286,0.575974,4.45058,1.63505,12.854,102.4,12.1,1.0,2002,123.0,2021-06-22 00:00:00
7090,hma,0.0,29,0.0,1.55769,0.00255597,1.85934,0.0,0.017334,0.0578286,0.575974,4.44865,1.64061,12.854,102.4,12.1,1.0,2002,123.0,2021-06-21 00:00:00
7126,hma,0.00255597,29,0.0,1.57832,0.00255597,1.85934,0.0,0.017334,0.0578286,0.575974,4.4448,1.65174,12.854,102.4,12.1,1.0,2002,123.0,2021-06-19 00:00:00
7162,hma,0.0,29,0.0,1.57832,0.0,1.85678,0.0,0.017334,0.0578286,0.575974,4.44287,1.65731,12.854,102.4,12.1,1.0,2002,123.0,2021-06-18 00:00:00
7198,hma,0.015643,29,0.023467,1.58864,0.015643,1.87242,0.023467,0.040801,0.0578286,0.575974,4.44094,1.66287,12.854,102.4,12.1,1.0,2002,123.0,2021-06-17 00:00:00
7234,hma,0.0,29,0.0,1.59895,0.0,1.85678,0.0,0.017334,0.0578286,0.575974,4.43902,1.66844,12.854,102.4,12.1,1.0,2002,123.0,2021-06-16 00:00:00
7270,hma,0.0,29,0.0,1.60926,0.0,1.85678,0.0,0.017334,0.0578286,0.575974,4.43709,1.67401,12.854,102.4,12.1,1.0,2002,123.0,2021-06-15 00:00:00
7306,hma,0.0,29,0.0,1.61958,0.0,1.85678,0.0,0.017334,0.0578286,0.575974,4.43516,1.67957,12.854,102.4,12.1,1.0,2002,123.0,2021-06-14 00:00:00
7342,hma,0.0,29,0.0,1.62989,0.0,1.85678,0.0,0.017334,0.0578286,0.575974,4.43323,1.68514,12.854,102.4,12.1,1.0,2002,123.0,2021-06-13 00:00:00
7378,hma,0.0,29,0.0,1.64061,0.0,1.85678,0.0,0.017334,0.0578286,0.575974,4.43131,1.6907,12.854,102.4,12.1,1.0,2002,123.0,2021-06-12 00:00:00
7414,hma,0.0,29,0.0,1.65174,0.0,1.85678,0.0,0.017334,0.0578286,0.575974,4.42938,1.69627,12.854,102.4,12.1,1.0,2002,123.0,2021-06-11 00:00:00
7450,hma,0.0,29,0.0,1.66287,0.0,1.85678,0.0,0.017334,0.0578286,0.575974,4.42745,1.70183,12.854,102.4,12.1,1.0,2002,123.0,2021-06-10 00:00:00
7486,hma,0.0,29,0.0,1.67401,0.0,1.85678,0.0,0.017334,0.0578286,0.575974,4.42552,1.7074,12.854,102.4,12.1,1.0,2002,123.0,2021-06-09 00:00:00
7522,hma,0.0,29,0.0,1.67957,0.0,1.85678,0.0,0.017334,0.0578286,0.575974,4.42359,1.71296,12.854,102.4,12.1,1.0,2002,123.0,2021-06-08 00:00:00
7558,hma,0.0,29,0.0,1.68514,0.0,1.85678,0.0,0.017334,0.0578286,0.575974,4.42167,1.72409,12.854,102.4,12.1,1.0,2002,123.0,2021-06-07 00:00:00
7594,hma,0.0,29,0.0,1.6907,0.0,1.85678,0.0,0.017334,0.0578286,0.575974,4.41974,1.72966,12.854,102.4,12.1,1.0,2002,123.0,2021-06-06 00:00:00
7630,hma,0.0,29,0.0,1.69627,0.0,1.85678,0.0,0.017334,0.0578286,0.575974,4.41781,1.73523,12.854,102.4,12.1,1.0,2002,123.0,2021-06-05 00:00:00
7666,hma,0.0,29,0.0,1.70183,0.0,1.85678,0.0,0.017334,0.0578286,0.575974,4.41588,1.74079,12.854,102.4,12.1,1.0,2002,123.0,2021-06-04 00:00:00
7702,hma,0.0,29,0.0,1.7074,0.0,1.85678,0.0,0.017334,0.0578286,0.573737,4.41396,1.74079,12.854,102.4,12.1,1.0,2002,123.0,2021-06-03 00:00:00
7738,hma,0.0,29,0.0,1.71296,0.0,1.85678,0.0,0.017334,0.0578286,0.573737,4.41203,1.74636,12.854,102.4,12.1,1.0,2002,123.0,2021-06-02 00:00:00
7774,hma,0.0,29,0.0,1.71853,0.0,1.85678,0.0,0.017334,0.0578286,0.571513,4.4101,1.74636,12.854,102.4,12.1,1.0,2002,123.0,2021-06-01 00:00:00
7810,hma,0.0,29,0.0,1.72966,0.00578813,1.85678,0.0,0.017334,0.0291232,0.571513,4.40723,1.76305,12.854,102.4,12.1,1.0,2002,123.0,2021-05-30 00:00:00
7846,hma,0.00192445,29,0.0,1.73523,0.00578813,1.85678,0.0,0.017334,0.0291232,0.571513,4.4063,1.76862,12.854,102.4,12.1,1.0,2002,123.0,2021-05-29 00:00:00
7882,hma,0.0,29,0.0,1.73523,0.00386369,1.85486,0.0,0.017334,0.0291232,0.571513,4.40536,1.77418,12.854,102.4,12.1,1.0,2002,123.0,2021-05-28 00:00:00
7918,hma,0.0,29,0.0,1.74079,0.00386369,1.85486,0.0,0.017334,0.0291232,0.571513,4.40442,1.77975,12.854,102.4,12.1,1.0,2002,123.0,2021-05-27 00:00:00
7954,hma,0.0,29,0.0,1.74636,0.00386369,1.85486,0.0,0.017334,0.0291232,0.571513,4.40348,1.84653,12.854,102.4,12.1,1.0,2002,123.0,2021-05-26 00:00:00
7990,hma,0.0,29,0.0,1.75192,0.00386369,1.85486,0.0,0.017334,0.0291232,0.515372,4.40254,1.79088,12.854,102.4,12.1,1.0,2002,123.0,2021-05-25 00:00:00
8026,hma,0.0,29,0.0,1.75749,0.00386369,1.85486,0.0,0.017334,0.0291232,0.515372,4.4016,1.79644,12.854,102.4,12.1,1.0,2002,123.0,2021-05-24 00:00:00
8062,hma,0.0,29,0.0,1.76305,0.00386369,1.85486,0.0,0.017334,0.0291232,0.515372,4.40066,1.80201,12.854,102.4,12.1,1.0,2002,123.0,2021-05-23 00:00:00
8098,hma,0.0,29,0.0,1.76862,0.00386369,1.85486,0.0,0.017334,0.0291232,0.515372,4.39972,1.80758,12.854,102.4,12.1,1.0,2002,123.0,2021-05-22 00:00:00
8134,hma,0.0,29,0.0,1.77418,0.00386369,1.85486,0.0,0.017334,0.0291232,0.513456,4.39878,1.80758,12.854,102.4,12.1,1.0,2002,123.0,2021-05-21 00:00:00
8170,hma,0.0,29,0.0,1.77975,0.00386369,1.85486,0.0,0.017334,0.0291232,0.513456,4.39784,1.81314,12.854,102.4,12.1,1.0,2002,123.0,2021-05-20 00:00:00
8206,hma,0.0,29,0.0,1.78531,0.00386369,1.85486,0.0,0.017334,0.0291232,0.511685,4.3969,1.81314,12.854,102.4,12.1,1.0,2002,123.0,2021-05-19 00:00:00
8242,hma,0.0,29,0.0,1.79088,0.00386369,1.85486,0.0,0.017334,0.0291232,0.511685,4.39596,1.81871,12.854,102.4,12.1,1.0,2002,123.0,2021-05-18 00:00:00
8278,hma,0.0,29,0.0,1.79644,0.00386369,1.85486,0.0,0.017334,0.0291232,0.509832,4.39502,1.81871,12.854,102.4,12.1,1.0,2002,123.0,2021-05-17 00:00:00
8314,hma,0.0,29,0.0,1.80201,0.00386369,1.85486,0.0,0.017334,0.0291232,0.509832,4.39408,1.82427,12.854,102.4,12.1,1.0,2002,123.0,2021-05-16 00:00:00
8350,hma,0.0,29,0.0,1.80758,0.00386369,1.85486,0.0,0.017334,0.0291232,0.509832,4.39314,1.82984,12.854,102.4,12.1,1.0,2002,123.0,2021-05-15 00:00:00
8386,hma,0.0,29,0.0,1.81314,0.00386369,1.85486,0.0,0.017334,0.0291232,0.509832,4.3922,1.8354,12.854,102.4,12.1,1.0,2002,123.0,2021-05-14 00:00:00
8422,hma,0.0,29,0.0,1.81871,0.00386369,1.85486,0.0,0.017334,0.0291232,0.509832,4.39126,1.84097,12.854,102.4,12.1,1.0,2002,123.0,2021-05-13 00:00:00
8458,hma,0.0,29,0.0,1.82427,0.00386369,1.85486,0.0,0.017334,0.0291232,0.508033,4.39032,1.84097,12.854,102.4,12.1,1.0,2002,123.0,2021-05-12 00:00:00
8494,hma,0.0,29,0.0,1.82984,0.00386369,1.85486,0.0,0.017334,0.0291232,0.508033,4.38938,1.84653,12.854,102.4,12.1,1.0,2002,123.0,2021-05-11 00:00:00
8530,hma,0.0,29,0.0,1.8354,0.00386369,1.85486,0.0,0.017334,0.0291232,0.508033,4.38845,1.8521,12.854,102.4,12.1,1.0,2002,123.0,2021-05-10 00:00:00
8566,hma,0.0,29,0.0,1.84097,0.00386369,1.85486,0.0,0.017334,0.0291232,0.506362,4.38751,1.8521,12.854,102.4,12.1,1.0,2002,123.0,2021-05-09 00:00:00
8602,hma,0.0,29,0.0,1.84653,0.00386369,1.85486,0.0,0.017334,0.0291232,0.504776,4.38657,1.8521,12.854,102.4,12.1,1.0,2002,123.0,2021-05-08 00:00:00
8638,hma,0.000822783,29,0.0,1.8521,0.00386369,1.85486,0.0,0.017334,0.0291232,0.504776,4.38563,1.85766,12.854,102.4,12.1,1.0,2002,123.0,2021-05-07 00:00:00
8674,hma,0.00069979,29,0.0,1.8521,0.0030409,1.85403,0.0,0.017334,0.0291232,0.503269,4.38469,1.85766,12.854,102.4,12.1,1.0,2002,123.0,2021-05-06 00:00:00
8710,hma,0.00073796,29,0.0,1.8521,0.00234111,1.85333,0.0,0.017334,0.0291232,0.501655,4.38375,1.85766,12.854,102.4,12.1,1.0,2002,123.0,2021-05-05 00:00:00
8746,hma,0.000610726,29,0.0,1.8521,0.00160315,1.8526,0.0,0.017334,0.0291232,0.501655,4.38281,1.86323,12.854,102.4,12.1,1.0,2002,123.0,2021-05-04 00:00:00
8782,hma,0.000483491,29,0.0,1.8521,0.000992429,1.85198,0.0,0.017334,0.0291232,0.500316,4.38187,1.86323,12.854,102.4,12.1,1.0,2002,123.0,2021-05-03 00:00:00
8818,hma,0.000508938,29,0.0,1.8521,0.000508938,1.8515,0.0,0.017334,0.0291232,0.500316,4.38093,1.86879,12.854,102.4,12.1,1.0,2002,123.0,2021-05-02 00:00:00
8854,hma,0.0,29,0.0,1.8521,0.0,1.85099,0.0,0.017334,0.0291232,0.49915,4.37999,1.86879,12.854,102.4,12.1,1.0,2002,123.0,2021-05-01 00:00:00
8890,hma,0.0,29,0.0,1.85766,0.0305717,1.85099,0.0,0.017334,0.060987,0.497958,4.37905,1.86879,12.854,102.4,12.1,1.0,2002,123.0,2021-04-30 00:00:00
8926,hma,0.0,29,0.0,1.86879,0.0305717,1.85099,0.0,0.017334,0.060987,0.497073,4.37702,1.86879,12.854,102.4,12.1,1.0,2002,123.0,2021-04-29 00:00:00
8962,hma,0.0,29,0.0,1.87993,0.0305717,1.85099,0.0,0.017334,0.060987,0.496541,4.37499,1.86879,12.854,102.4,12.1,1.0,2002,123.0,2021-04-28 00:00:00
8998,hma,0.0,29,0.0,1.89106,0.0305717,1.85099,0.0,0.017334,0.060987,0.479568,4.37295,1.8521,12.854,102.4,12.1,1.0,2002,123.0,2021-04-27 00:00:00
9034,hma,0.00109574,29,0.0,1.89662,0.0305717,1.85099,0.0,0.017334,0.060987,0.456819,4.37092,1.82984,12.854,102.4,12.1,1.0,2002,123.0,2021-04-26 00:00:00
9070,hma,0.0,29,0.0,1.89662,0.0294759,1.8499,0.0,0.017334,0.060987,0.456481,4.36889,1.82984,12.854,102.4,12.1,1.0,2002,123.0,2021-04-25 00:00:00
9106,hma,0.0,29,0.0,1.90219,0.0294759,1.8499,0.0,0.017334,0.060987,0.428363,4.36685,1.80201,12.854,102.4,12.1,1.0,2002,123.0,2021-04-24 00:00:00
9142,hma,0.000240239,29,0.0,1.90775,0.0294759,1.8499,0.0,0.017334,0.060987,0.42749,4.36482,1.80201,12.854,102.4,12.1,1.0,2002,123.0,2021-04-23 00:00:00
9178,hma,0.0,29,0.0,1.90775,0.0292357,1.84966,0.0,0.017334,0.060987,0.426697,4.36279,1.80201,12.854,102.4,12.1,1.0,2002,123.0,2021-04-22 00:00:00
9214,hma,0.0,29,0.0,1.91332,0.0292357,1.84966,0.0,0.017334,0.060987,0.425899,4.36075,1.80201,12.854,102.4,12.1,1.0,2002,123.0,2021-04-21 00:00:00
9250,hma,0.0,29,0.0,1.91921,0.0292357,1.84966,0.0,0.017334,0.060987,0.425295,4.35872,1.80201,12.854,102.4,12.1,1.0,2002,123.0,2021-04-20 00:00:00
9286,hma,0.000835198,29,0.0,1.92511,0.0292357,1.84966,0.0,0.017334,0.060987,0.424602,4.35669,1.80201,12.854,102.4,12.1,1.0,2002,123.0,2021-04-19 00:00:00
9322,hma,0.00647949,29,0.0,1.92511,0.0284005,1.84882,0.0,0.017334,0.060987,0.424602,4.35466,1.80758,12.854,102.4,12.1,1.0,2002,123.0,2021-04-18 00:00:00
9358,hma,0.017429,29,0.0,1.91921,0.021921,1.84234,0.0,0.017334,0.060987,0.424602,4.35262,1.81314,12.854,102.4,12.1,1.0,2002,123.0,2021-04-17 00:00:00
9394,hma,0.000514212,29,0.0,1.90219,0.004492,1.82491,0.0,0.017334,0.060987,0.424602,4.35059,1.81871,12.854,102.4,12.1,1.0,2002,123.0,2021-04-16 00:00:00
9430,hma,0.000707042,29,0.0,1.90219,0.00397779,1.8244,0.0,0.017334,0.060987,0.423385,4.34856,1.81871,12.854,102.4,12.1,1.0,2002,123.0,2021-04-15 00:00:00
9466,hma,0.0,29,0.0,1.90219,0.00327075,1.82369,0.0,0.017334,0.060987,0.422231,4.34652,1.81871,12.854,102.4,12.1,1.0,2002,123.0,2021-04-14 00:00:00
9502,hma,0.0,29,0.0,1.90775,0.00327075,1.82369,0.0,0.017334,0.060987,0.421153,4.34449,1.81871,12.854,102.4,12.1,1.0,2002,123.0,2021-04-13 00:00:00
9538,hma,0.0,29,0.0,1.91332,0.00327075,1.82369,0.0,0.017334,0.060987,0.421153,4.34246,1.82427,12.854,102.4,12.1,1.0,2002,123.0,2021-04-12 00:00:00
9574,hma,0.0012642,29,0.0,1.91921,0.00327075,1.82369,0.0,0.017334,0.060987,0.420158,4.34043,1.82427,12.854,102.4,12.1,1.0,2002,123.0,2021-04-11 00:00:00
9610,hma,0.0,29,0.0,1.91921,0.00200655,1.82243,0.0,0.017334,0.060987,0.420158,4.33839,1.82984,12.854,102.4,12.1,1.0,2002,123.0,2021-04-10 00:00:00
9645,hma,0.0,29,0.0,1.92511,0.00200655,1.82243,0.0,0.017334,0.060987,0.41925,4.33636,1.82984,12.854,102.4,12.1,1.0,2002,123.0,2021-04-09 00:00:00
9682,hma,0.000896539,29,0.0,1.931,0.00200655,1.82243,0.0,0.017334,0.060987,0.41925,4.33433,1.8354,12.854,102.4,12.1,1.0,2002,123.0,2021-04-08 00:00:00
9717,hma,0.0,29,0.0,1.931,0.00111001,1.82153,0.0,0.017334,0.060987,0.41925,4.33229,1.84653,12.854,102.4,12.1,1.0,2002,123.0,2021-04-07 00:00:00
9753,hma,0.0,29,0.0,1.93689,0.00111001,1.82153,0.0,0.017334,0.060987,0.412884,4.33026,1.84097,12.854,102.4,12.1,1.0,2002,123.0,2021-04-06 00:00:00
9788,hma,0.0,29,0.0,1.94279,0.00111001,1.82153,0.0,0.017334,0.060987,0.412148,4.32823,1.84097,12.854,102.4,12.1,1.0,2002,123.0,2021-04-05 00:00:00
9823,hma,0.0,29,0.0,1.94868,0.00111001,1.82153,0.0,0.017334,0.060987,0.412148,4.3262,1.84653,12.854,102.4,12.1,1.0,2002,123.0,2021-04-04 00:00:00
9858,hma,0.0,29,0.0,1.96047,0.0,1.82042,0.0,0.017334,0.060987,0.41169,4.32213,1.90219,12.854,102.4,12.1,1.0,2002,123.0,2021-04-02 00:00:00
9893,hma,0.0,29,0.0,1.96636,0.0,1.82042,0.0,0.017334,0.060987,0.355501,4.3201,1.84653,12.854,102.4,12.1,1.0,2002,123.0,2021-04-01 00:00:00
9928,hma,0.0,29,0.0,1.97226,0.117875,1.82042,0.0,0.017334,0.91804,0.355013,4.31806,1.84653,12.854,102.4,12.1,1.0,2002,123.0,2021-03-31 00:00:00
9963,hma,0.0,29,0.0,1.97815,0.117875,1.82042,0.0,0.017334,0.91804,0.354463,4.28845,1.84653,12.854,102.4,12.1,1.0,2002,123.0,2021-03-30 00:00:00
9998,hma,0.0,29,0.0,1.98405,0.117875,1.82042,0.0,0.017334,0.91804,0.353853,4.25884,1.84653,12.854,102.4,12.1,1.0,2002,123.0,2021-03-29 00:00:00
10033,hma,0.0,29,0.0,1.98994,0.117875,1.82042,0.0,0.017334,0.91804,0.353365,4.22922,1.84653,12.854,102.4,12.1,1.0,2002,123.0,2021-03-28 00:00:00
10068,hma,0.0,29,0.0,1.99583,0.117875,1.82042,0.0,0.017334,0.91804,0.352577,4.18469,1.8521,12.854,102.4,12.1,1.0,2002,123.0,2021-03-27 00:00:00
10103,hma,0.00103299,29,0.0,2.00762,0.117875,1.82042,0.0,0.017334,0.91804,0.351877,4.15507,1.8521,12.854,102.4,12.1,1.0,2002,123.0,2021-03-26 00:00:00
10138,hma,0.0,29,0.0,2.00762,0.116842,1.81939,0.0,0.017334,0.91804,0.351877,4.14038,1.8521,12.854,102.4,12.1,1.0,2002,123.0,2021-03-25 00:00:00
10173,hma,0.000829211,29,0.0,2.01941,0.116842,1.81939,0.0,0.017334,0.91804,0.351393,4.11076,1.8521,12.854,102.4,12.1,1.0,2002,123.0,2021-03-24 00:00:00
10208,hma,0.00061423,29,0.0,2.01941,0.116013,1.81856,0.0,0.017334,0.91804,0.350783,4.08115,1.8521,12.854,102.4,12.1,1.0,2002,123.0,2021-03-23 00:00:00
10243,hma,0.000504546,29,0.0,2.01941,0.115399,1.81794,0.0,0.017334,0.91804,0.350019,4.05154,1.8521,12.854,102.4,12.1,1.0,2002,123.0,2021-03-22 00:00:00
10278,hma,0.076907,29,0.0,2.01941,0.114894,1.81744,0.0,0.017334,0.91804,0.350019,4.02192,1.85766,12.854,102.4,12.1,1.0,2002,123.0,2021-03-21 00:00:00
10313,hma,8.64112e-05,29,0.0,1.94279,0.0379872,1.74053,0.0,0.017334,0.91804,0.349408,3.97739,1.86323,12.854,102.4,12.1,1.0,2002,123.0,2021-03-20 00:00:00
10348,hma,0.0296255,29,0.0,1.94279,0.0379008,1.74045,0.0,0.017334,0.91804,0.348706,3.94777,1.86323,12.854,102.4,12.1,1.0,2002,123.0,2021-03-19 00:00:00
10383,hma,0.0,29,0.0,1.91332,0.00827532,1.71082,0.0,0.017334,0.91804,0.348706,3.93308,1.86323,12.854,102.4,12.1,1.0,2002,123.0,2021-03-18 00:00:00
10418,hma,0.000619201,29,0.0,1.91921,0.00827532,1.71082,0.0,0.017334,0.91804,0.348706,3.90347,1.86879,12.854,102.4,12.1,1.0,2002,123.0,2021-03-17 00:00:00
10453,hma,0.0,29,0.0,1.91921,0.00765612,1.7102,0.0,0.017334,0.91804,0.348706,3.87385,1.87436,12.854,102.4,12.1,1.0,2002,123.0,2021-03-16 00:00:00
10488,hma,0.000619941,29,0.0,1.92511,0.00765612,1.7102,0.0,0.017334,0.91804,0.348706,3.84424,1.87993,12.854,102.4,12.1,1.0,2002,123.0,2021-03-15 00:00:00
10523,hma,0.00101601,29,0.0,1.92511,0.00703618,1.70958,0.0,0.017334,0.91804,0.348706,3.81462,1.89106,12.854,102.4,12.1,1.0,2002,123.0,2021-03-14 00:00:00
10558,hma,0.000925606,29,0.0,1.92511,0.00602016,1.70857,0.0,0.017334,0.91804,0.348001,3.77009,1.89662,12.854,102.4,12.1,1.0,2002,123.0,2021-03-13 00:00:00
10593,hma,0.0,29,0.0,1.92511,0.00509456,1.70764,0.0,0.017334,0.91804,0.348001,3.74047,1.90219,12.854,102.4,12.1,1.0,2002,123.0,2021-03-12 00:00:00
10628,hma,0.000896539,29,0.0,1.931,0.00509456,1.70764,0.0,0.017334,0.91804,0.348001,3.72578,1.90219,12.854,102.4,12.1,1.0,2002,123.0,2021-03-11 00:00:00
10663,hma,0.0,29,0.0,1.931,0.00419802,1.70674,0.0,0.017334,0.91804,0.347401,3.69617,1.90219,12.854,102.4,12.1,1.0,2002,123.0,2021-03-10 00:00:00
10698,hma,0.000586897,29,0.0,1.93689,0.00419802,1.70674,0.0,0.017334,0.91804,0.346835,3.66655,1.90219,12.854,102.4,12.1,1.0,2002,123.0,2021-03-09 00:00:00
10733,hma,0.000837192,29,0.0,1.93689,0.00361112,1.70616,0.0,0.017334,0.91804,0.346347,3.63694,1.90219,12.854,102.4,12.1,1.0,2002,123.0,2021-03-08 00:00:00
10768,hma,0.0,29,0.0,1.93689,0.00277393,1.70532,0.0,0.017334,0.91804,0.345811,3.60732,1.90219,12.854,102.4,12.1,1.0,2002,123.0,2021-03-07 00:00:00
10803,hma,0.000898676,29,0.0,1.94279,0.00277393,1.70532,0.0,0.017334,0.91804,0.34456,3.56279,1.90219,12.854,102.4,12.1,1.0,2002,123.0,2021-03-06 00:00:00
10838,hma,0.0,29,0.0,1.94279,0.00187525,1.70442,0.0,0.017334,0.91804,0.343814,3.53318,1.90219,12.854,102.4,12.1,1.0,2002,123.0,2021-03-05 00:00:00
10873,hma,0.0,29,0.0,1.94868,0.00187525,1.70442,0.0,0.017334,0.91804,0.343814,3.51848,1.90219,12.854,102.4,12.1,1.0,2002,123.0,2021-03-04 00:00:00
10908,hma,0.000900814,29,0.0,1.95458,0.00187525,1.70442,0.0,0.017334,0.91804,0.343197,3.48887,1.90219,12.854,102.4,12.1,1.0,2002,123.0,2021-03-03 00:00:00
10943,hma,0.000974438,29,0.0,1.95458,0.000974438,1.70352,0.0,0.017334,0.91804,0.342486,3.44433,1.90219,12.854,102.4,12.1,1.0,2002,123.0,2021-03-02 00:00:00
10978,hma,0.0,29,0.0,1.95458,0.0,1.70255,0.0,0.017334,0.91804,0.342486,3.41472,1.90775,12.854,102.4,12.1,1.0,2002,123.0,2021-03-01 00:00:00
11013,hma,0.00102329,29,0.0,1.96047,0.0111333,1.70255,0.0,0.017334,0.432658,0.341439,3.3851,1.91332,12.854,102.4,12.1,1.0,2002,123.0,2021-02-28 00:00:00
11048,hma,0.000901883,29,0.0,1.96047,0.01011,1.70152,0.0,0.017334,0.432658,0.341439,3.37019,1.91921,12.854,102.4,12.1,1.0,2002,123.0,2021-02-27 00:00:00
11083,hma,0.000819499,29,0.0,1.96047,0.00920814,1.70062,0.0,0.017334,0.432658,0.340515,3.35527,1.91921,12.854,102.4,12.1,1.0,2002,123.0,2021-02-26 00:00:00
11118,hma,0.00075446,29,0.0,1.96047,0.00838864,1.6998,0.0,0.017334,0.432658,0.340515,3.34035,1.92511,12.854,102.4,12.1,1.0,2002,123.0,2021-02-25 00:00:00
11153,hma,0.000901883,29,0.0,1.96047,0.00763418,1.69905,0.0,0.017334,0.432658,0.340515,3.32543,1.93689,12.854,102.4,12.1,1.0,2002,123.0,2021-02-24 00:00:00
11188,hma,0.00075446,29,0.0,1.96047,0.0067323,1.69814,0.0,0.017334,0.432658,0.339462,3.31051,1.93689,12.854,102.4,12.1,1.0,2002,123.0,2021-02-23 00:00:00
11223,hma,0.0,29,0.0,1.96047,0.00597784,1.69739,0.0,0.017334,0.432658,0.339462,3.29559,1.94279,12.854,102.4,12.1,1.0,2002,123.0,2021-02-22 00:00:00
11258,hma,0.00082047,29,0.0,1.96636,0.00597784,1.69739,0.0,0.017334,0.432658,0.339462,3.28067,1.94868,12.854,102.4,12.1,1.0,2002,123.0,2021-02-21 00:00:00
11293,hma,0.0,29,0.0,1.96636,0.00515737,1.69657,0.0,0.017334,0.432658,0.338709,3.26575,1.94868,12.854,102.4,12.1,1.0,2002,123.0,2021-02-20 00:00:00
11328,hma,0.00090402,29,0.0,1.97226,0.00515737,1.69657,0.0,0.017334,0.432658,0.337956,3.25083,1.94868,12.854,102.4,12.1,1.0,2002,123.0,2021-02-19 00:00:00
11363,hma,0.00102572,29,0.0,1.97226,0.00425335,1.69567,0.0,0.017334,0.432658,0.337139,3.23591,1.94868,12.854,102.4,12.1,1.0,2002,123.0,2021-02-18 00:00:00
11398,hma,0.0,29,0.0,1.97226,0.00322763,1.69464,0.0,0.017334,0.432658,0.337139,3.22099,1.95458,12.854,102.4,12.1,1.0,2002,123.0,2021-02-17 00:00:00
11433,hma,0.000905089,29,0.0,1.97815,0.00322763,1.69464,0.0,0.017334,0.432658,0.336164,3.20607,1.95458,12.854,102.4,12.1,1.0,2002,123.0,2021-02-16 00:00:00
11468,hma,0.0,29,0.0,1.97815,0.00232255,1.69374,0.0,0.017334,0.432658,0.335233,3.19115,1.95458,12.854,102.4,12.1,1.0,2002,123.0,2021-02-15 00:00:00
11503,hma,0.000501001,29,0.0,1.98405,0.00232255,1.69374,0.0,0.017334,0.432658,0.335233,3.17624,1.96047,12.854,102.4,12.1,1.0,2002,123.0,2021-02-14 00:00:00
11538,hma,0.000958436,29,0.0,1.98405,0.00182155,1.69323,0.0,0.017334,0.432658,0.334392,3.16132,1.96047,12.854,102.4,12.1,1.0,2002,123.0,2021-02-13 00:00:00
11573,hma,0.0,29,0.0,1.98405,0.000863109,1.69228,0.0,0.017334,0.432658,0.33349,3.1464,1.96047,12.854,102.4,12.1,1.0,2002,123.0,2021-02-12 00:00:00
11608,hma,0.0,29,0.0,1.98994,0.000863109,1.69228,0.0,0.017334,0.432658,0.33349,3.13148,1.96636,12.854,102.4,12.1,1.0,2002,123.0,2021-02-11 00:00:00
11643,hma,0.0,29,0.0,2.00173,0.000863109,1.69228,0.0,0.017334,0.432658,0.332466,3.11656,1.96636,12.854,102.4,12.1,1.0,2002,123.0,2021-02-10 00:00:00
11678,hma,0.0,29,0.0,2.00762,0.000863109,1.69228,0.0,0.017334,0.432658,0.332466,3.10164,1.97226,12.854,102.4,12.1,1.0,2002,123.0,2021-02-09 00:00:00
11713,hma,0.0,29,0.0,2.01941,0.000863109,1.69228,0.0,0.017334,0.432658,0.332466,3.08672,1.97815,12.854,102.4,12.1,1.0,2002,123.0,2021-02-08 00:00:00
11747,hma,0.0,29,0.0,2.0312,0.000863109,1.69228,0.0,0.017334,0.432658,0.33153,3.0718,1.97815,12.854,102.4,12.1,1.0,2002,123.0,2021-02-07 00:00:00
11782,hma,0.0,29,0.0,2.04299,0.000863109,1.69228,0.0,0.017334,0.432658,0.330551,3.06597,1.97815,12.854,102.4,12.1,1.0,2002,123.0,2021-02-06 00:00:00
11816,hma,0.0,29,0.0,2.05477,0.000863109,1.69228,0.0,0.017334,0.432658,0.330551,3.05105,1.98405,12.854,102.4,12.1,1.0,2002,123.0,2021-02-05 00:00:00
11850,hma,0.0,29,0.0,2.06656,0.000863109,1.69228,0.0,0.017334,0.432658,0.329645,3.02704,1.98405,12.854,102.4,12.1,1.0,2002,123.0,2021-02-04 00:00:00
11884,hma,0.0,29,0.0,2.07835,0.000863109,1.69228,0.0,0.017334,0.432658,0.322771,3.02121,1.97815,12.854,102.4,12.1,1.0,2002,123.0,2021-02-03 00:00:00
11918,hma,0.0,29,0.0,2.08424,0.000863109,1.69228,0.0,0.017334,0.432658,0.322771,3.00629,1.98405,12.854,102.4,12.1,1.0,2002,123.0,2021-02-02 00:00:00
11952,hma,0.000863109,29,0.0,2.09014,0.000863109,1.69228,0.0,0.017334,0.432658,0.321947,2.99137,1.98405,12.854,102.4,12.1,1.0,2002,123.0,2021-02-01 00:00:00
11986,hma,0.0,29,0.0,2.09014,0.0118548,1.69141,0.0,0.017334,0.432658,0.321947,2.97645,1.98994,12.854,102.4,12.1,1.0,2002,123.0,2021-01-31 00:00:00
12020,hma,0.0,29,0.0,2.09603,0.0118548,1.69141,0.0,0.017334,0.402662,0.32101,2.96153,1.98994,12.854,102.4,12.1,1.0,2002,123.0,2021-01-30 00:00:00
12054,hma,0.000842806,29,0.0,2.10193,0.0118548,1.69141,0.0,0.017334,0.402662,0.320163,2.94854,1.98994,12.854,102.4,12.1,1.0,2002,123.0,2021-01-29 00:00:00
12088,hma,0.0,29,0.0,2.10193,0.011012,1.69057,0.0,0.017334,0.402662,0.320163,2.9284,1.99583,12.854,102.4,12.1,1.0,2002,123.0,2021-01-28 00:00:00
12122,hma,0.0,29,0.0,2.10782,0.011012,1.69057,0.0,0.017334,0.402662,0.319225,2.92257,1.99583,12.854,102.4,12.1,1.0,2002,123.0,2021-01-27 00:00:00
12156,hma,0.0,29,0.0,2.11371,0.011012,1.69057,0.0,0.017334,0.402662,0.319225,2.90958,2.00173,12.854,102.4,12.1,1.0,2002,123.0,2021-01-26 00:00:00
12190,hma,0.0,29,0.0,2.11961,0.011012,1.69057,0.0,0.017334,0.402662,0.319225,2.89659,2.00762,12.854,102.4,12.1,1.0,2002,123.0,2021-01-25 00:00:00
12224,hma,0.0,29,0.0,2.1255,0.011012,1.69057,0.0,0.017334,0.402662,0.318463,2.8836,2.00762,12.854,102.4,12.1,1.0,2002,123.0,2021-01-24 00:00:00
12258,hma,0.0,29,0.0,2.1314,0.011012,1.69057,0.0,0.017334,0.402662,0.317636,2.87061,2.00762,12.854,102.4,12.1,1.0,2002,123.0,2021-01-23 00:00:00
12292,hma,0.0,29,0.0,2.14318,0.011012,1.69057,0.0,0.017334,0.402662,0.317636,2.85762,2.01352,12.854,102.4,12.1,1.0,2002,123.0,2021-01-22 00:00:00
12326,hma,0.0,29,0.0,2.15497,0.011012,1.69057,0.0,0.017334,0.402662,0.317636,2.83748,2.0253,12.854,102.4,12.1,1.0,2002,123.0,2021-01-21 00:00:00
12360,hma,0.000853489,29,0.0,2.16676,0.011012,1.69057,0.0,0.017334,0.402662,0.317636,2.83164,2.03709,12.854,102.4,12.1,1.0,2002,123.0,2021-01-20 00:00:00
12394,hma,0.0,29,0.0,2.16676,0.0101585,1.68972,0.0,0.017334,0.402662,0.317636,2.81865,2.04299,12.854,102.4,12.1,1.0,2002,123.0,2021-01-19 00:00:00
12428,hma,0.000705269,29,0.0,2.17265,0.0101585,1.68972,0.0,0.017334,0.402662,0.316781,2.80566,2.04299,12.854,102.4,12.1,1.0,2002,123.0,2021-01-18 00:00:00
12462,hma,0.0,29,0.0,2.17265,0.00945321,1.68901,0.0,0.017334,0.402662,0.316781,2.78552,2.04888,12.854,102.4,12.1,1.0,2002,123.0,2021-01-17 00:00:00
12496,hma,0.00106816,29,0.0,2.17855,0.0103353,0.0103353,0.0,0.0,0.402662,0.0378533,0.0991704,2.04888,12.854,102.4,12.1,1.0,2002,123.0,2021-01-16 00:00:00
12530,hma,0.0,29,0.0,2.17855,0.0092671,0.0092671,0.0,0.0,0.402662,0.0378533,0.0933368,2.05477,12.854,102.4,12.1,1.0,2002,123.0,2021-01-15 00:00:00
12564,hma,0.000747653,29,0.0,2.18444,0.0092671,0.0092671,0.0,0.0,0.402662,0.0371243,0.0875033,2.05477,12.854,102.4,12.1,1.0,2002,123.0,2021-01-14 00:00:00
12598,hma,0.000616247,29,0.0,2.18444,0.00851945,0.00851945,0.0,0.0,0.402662,0.0362893,0.0816697,2.05477,12.854,102.4,12.1,1.0,2002,123.0,2021-01-13 00:00:00
12632,hma,0.000652497,29,0.0,2.18444,0.00702115,1.68658,0.0,0.017334,0.402662,0.31383,2.72057,2.05477,12.854,102.4,12.1,1.0,2002,123.0,2021-01-12 00:00:00
12666,hma,0.0,29,0.0,2.18444,0.00636865,1.68593,0.0,0.017334,0.402662,0.283857,2.70758,2.0253,12.854,102.4,12.1,1.0,2002,123.0,2021-01-11 00:00:00
12700,hma,0.000653237,29,0.0,2.19034,0.00636865,1.68593,0.0,0.017334,0.402662,0.283224,2.6946,2.0253,12.854,102.4,12.1,1.0,2002,123.0,2021-01-10 00:00:00
12734,hma,0.000857373,29,0.0,2.19034,0.00571542,1.68527,0.0,0.017334,0.402662,0.283224,2.68161,2.0312,12.854,102.4,12.1,1.0,2002,123.0,2021-01-09 00:00:00
12768,hma,0.000789328,29,0.0,2.19034,0.00485804,1.68442,0.0,0.017334,0.402662,0.282459,2.66862,2.0312,12.854,102.4,12.1,1.0,2002,123.0,2021-01-08 00:00:00
12802,hma,0.000653237,29,0.0,2.19034,0.00406872,1.68363,0.0,0.017334,0.402662,0.281826,2.65563,2.0312,12.854,102.4,12.1,1.0,2002,123.0,2021-01-07 00:00:00
12836,hma,0.000707673,29,0.0,2.19034,0.00341548,1.68297,0.0,0.017334,0.402662,0.281082,2.64264,2.0312,12.854,102.4,12.1,1.0,2002,123.0,2021-01-06 00:00:00
